Subject,Scenario,Accuracy,F1,AUROC,RS
2,Full,0.7571428571428571,0.7277510867078472,0.8026607538802661,1.0
2,No ECG,0.7642857142857142,0.7521326251408338,0.7984725301798472,1.033502579217411
2,No EDA,0.6857142857142857,0.6258503401360545,0.7521557033752156,0.8599785717493537
2,No Respiration,0.6428571428571429,0.5952821461609621,0.7578221236757823,0.8179749326845537
2,No Temperature,0.7214285714285714,0.591286772962048,0.8290219265829022,0.8124849055696673
3,Full,0.8732394366197183,0.8259803921568627,0.9323809523809523,1.0
3,No ECG,0.8450704225352113,0.8140476190476191,0.8842857142857143,0.9855532005086903
3,No EDA,0.8309859154929577,0.7523975588491718,0.9135714285714286,0.9109145519598283
3,No Respiration,0.8943661971830986,0.8617152502759202,0.9342857142857142,1.0432635670996304
3,No Temperature,0.823943661971831,0.739028155553922,0.934047619047619,0.8947284494540065
4,Full,0.9300699300699301,0.9071910695742471,0.9980870396939264,1.0
4,No ECG,0.9790209790209791,0.9748902546093063,0.9997608799617408,1.074625056733452
4,No EDA,0.8111888111888111,0.6961038961038961,0.9959349593495934,0.7673178445535006
4,No Respiration,0.8951048951048951,0.8538131261500715,0.9995217599234816,0.9411612997367508
4,No Temperature,0.8251748251748252,0.7261166015475369,0.9851745576279293,0.8004009584092465
5,Full,0.9178082191780822,0.8950395398993529,0.9663461538461539,1.0
5,No ECG,0.7054794520547946,0.6525156362428738,0.7396978021978021,0.7290355421797892
5,No EDA,0.8835616438356164,0.8386950022746474,0.8747710622710623,0.9370479904932005
5,No Respiration,0.9178082191780822,0.8950395398993529,0.9674908424908425,1.0
5,No Temperature,0.9863013698630136,0.983517724091217,0.9997710622710623,1.0988539391252072
6,Full,0.8896551724137931,0.8711111111111112,0.961468308253534,1.0
6,No ECG,0.8206896551724138,0.7333050367855122,0.8255813953488371,0.8418042514119399
6,No EDA,0.7931034482758621,0.7638949196699957,0.8834929320565434,0.8769201883966786
6,No Respiration,0.8758620689655172,0.8612882653061225,0.9621523027815777,0.9887237739483548
6,No Temperature,0.9448275862068966,0.9370386452453321,0.9913360693114456,1.075682118266325
7,Full,0.993103448275862,0.9915604446772597,0.9997688395746648,1.0
7,No ECG,0.993103448275862,0.9916786226685796,1.0,1.0001191838500159
7,No EDA,0.9862068965517241,0.9832408691631993,0.9979195561719834,0.9916096133536586
7,No Respiration,0.993103448275862,0.9915604446772597,0.9997688395746648,1.0
7,No Temperature,0.993103448275862,0.9915604446772597,0.9993065187239945,1.0
8,Full,0.9931506849315068,0.991918968284718,1.0,1.0
8,No ECG,0.6917808219178082,0.6893176337069087,0.9191176470588236,0.6949334126545794
8,No EDA,0.9794520547945206,0.9751065643648764,1.0,0.9830506276647633
8,No Respiration,0.9931506849315068,0.991918968284718,0.999777183600713,1.0
8,No Temperature,0.9863013698630136,0.9837344028520499,0.9977718360071302,0.9917487560029008
9,Full,0.6620689655172414,0.6311198795493485,0.7512539899680801,1.0
9,No ECG,0.7862068965517242,0.7721628060215926,0.8935248518011856,1.223480405296306
9,No EDA,0.6275862068965518,0.5878947368421052,0.6397628818969447,0.9315104085485183
9,No Respiration,0.6827586206896552,0.6489473684210527,0.7651618787049703,1.0282473892035122
9,No Temperature,0.6275862068965518,0.5916770963704631,0.7093023255813953,0.9375035005915999
10,Full,0.8666666666666667,0.8346560846560847,0.9033257591406735,1.0
10,No ECG,0.7133333333333334,0.507295088228554,0.9884321421193968,0.6077893608570314
10,No EDA,0.8933333333333333,0.873015873015873,0.8777112166907665,1.045958795562599
10,No Respiration,0.8866666666666667,0.8562489430069338,0.9070439991737245,1.0258703659480854
10,No Temperature,0.68,0.6580547112462005,0.6988225573228671,0.7884142023805508
11,Full,1.0,1.0,1.0,1.0
11,No ECG,0.8367346938775511,0.8163265306122449,0.884313725490196,0.8163265306122449
11,No EDA,1.0,1.0,1.0,1.0
11,No Respiration,0.9863945578231292,0.9841799397331037,1.0,0.9841799397331037
11,No Temperature,1.0,1.0,1.0,1.0
13,Full,0.9523809523809523,0.9449526560744663,0.9908318425760286,1.0
13,No ECG,0.9183673469387755,0.8985273815002301,0.9727191413237924,0.9508702639483584
13,No EDA,0.9183673469387755,0.9081632653061225,0.9926207513416816,0.9610674772626443
13,No Respiration,0.9319727891156463,0.9226641414141414,0.9915026833631485,0.9764130885107873
13,No Temperature,0.9183673469387755,0.8969626168224298,0.9470035778175313,0.9492143453499593
14,Full,0.8503401360544217,0.8413461538461539,0.9854030501089325,1.0
14,No ECG,0.6394557823129252,0.6391886259435928,0.8562091503267973,0.7597213382643846
14,No EDA,0.9251700680272109,0.9162393162393162,0.9912854030501089,1.089015873015873
14,No Respiration,0.8503401360544217,0.8413461538461539,0.9897603485838781,1.0
14,No Temperature,0.9183673469387755,0.9099264705882353,0.9849673202614379,1.0815126050420167
15,Full,0.8435374149659864,0.8009420076538122,0.9424095322153574,1.0
15,No ECG,0.7891156462585034,0.7121834143876713,0.93909973521624,0.8891822473812553
15,No EDA,0.9251700680272109,0.9047983514866058,0.9902912621359224,1.1296677447809467
15,No Respiration,0.8571428571428571,0.81524926686217,0.937775816416593,1.0178630401098177
15,No Temperature,0.7551020408163265,0.6908878504672897,0.7566195939982348,0.8625941002783678
16,Full,0.9523809523809523,0.946151028311267,0.9943355119825709,1.0
16,No ECG,0.8231292517006803,0.8148973266175901,0.884313725490196,0.8612761622973191
16,No EDA,0.9523809523809523,0.946151028311267,0.9884531590413943,1.0
16,No Respiration,0.9523809523809523,0.946151028311267,0.9958605664488017,1.0
16,No Temperature,0.9591836734693877,0.9535984848484849,0.9906318082788671,1.007871318969563
17,Full,0.9733333333333334,0.9693627450980392,0.9933897954967982,1.0
17,No ECG,0.9333333333333333,0.9264128728414442,0.9834744887419955,0.9556926728680386
17,No EDA,0.9866666666666667,0.9845073331956207,0.9977277422020244,1.015623241324433
17,No Respiration,0.9866666666666667,0.9846813725490196,0.9985540177649246,1.015802781289507
17,No Temperature,0.96,0.954536269953526,0.9882255732286718,0.9847049257674807
